"","community","hrs","techrep","exp","temp","color_comsint","community_temp"
"NS00001A","R1",0,"A","NS1","NA","blue","R1I"
"NS00002A","R2",0,"A","NS1","NA","blue","R2I"
"NS00003A","R3",0,"A","NS1","NA","blue","R3I"
"NS00004A","R4",0,"A","NS1","NA","blue","R4I"
"NS00005A","R5",0,"A","NS1","NA","blue","R5I"
"NS00006A","R6",0,"A","NS1","NA","blue","R6I"
"NS00013A","R1",24,"A","NS1","28","blue","R1L"
"NS00014A","R2",24,"A","NS1","28","blue","R2L"
"NS00015A","R3",24,"A","NS1","28","blue","R3L"
"NS00016A","R4",24,"A","NS1","28","blue","R4L"
"NS00017A","R5",24,"A","NS1","28","blue","R5L"
"NS00018A","R6",24,"A","NS1","28","blue","R6L"
"NS00019A","R1",24,"A","NS1","32","blue","R1H"
"NS00020A","R2",24,"A","NS1","32","blue","R2H"
"NS00021A","R3",24,"A","NS1","32","blue","R3H"
"NS00022A","R4",24,"A","NS1","32","blue","R4H"
"NS00023A","R5",24,"A","NS1","32","blue","R5H"
"NS00024A","R6",24,"A","NS1","32","blue","R6H"
"NS00025A","R1",48,"A","NS1","28","blue","R1L"
"NS00026A","R2",48,"A","NS1","28","blue","R2L"
"NS00027A","R3",48,"A","NS1","28","blue","R3L"
"NS00028A","R4",48,"A","NS1","28","blue","R4L"
"NS00029A","R5",48,"A","NS1","28","blue","R5L"
"NS00030A","R6",48,"A","NS1","28","blue","R6L"
"NS00031A","R1",48,"A","NS1","32","blue","R1H"
"NS00032A","R2",48,"A","NS1","32","blue","R2H"
"NS00033A","R3",48,"A","NS1","32","blue","R3H"
"NS00034A","R4",48,"A","NS1","32","blue","R4H"
"NS00035A","R5",48,"A","NS1","32","blue","R5H"
"NS00036A","R6",48,"A","NS1","32","blue","R6H"
"NS00037B","R1",72,"B","NS1","28","blue","R1L"
"NS00038B","R2",72,"B","NS1","28","blue","R2L"
"NS00039B","R3",72,"B","NS1","28","blue","R3L"
"NS00040B","R4",72,"B","NS1","28","blue","R4L"
"NS00041B","R5",72,"B","NS1","28","blue","R5L"
"NS00042B","R6",72,"B","NS1","28","blue","R6L"
"NS00043B","R1",72,"B","NS1","32","blue","R1H"
"NS00044B","R2",72,"B","NS1","32","blue","R2H"
"NS00045B","R3",72,"B","NS1","32","blue","R3H"
"NS00046B","R4",72,"B","NS1","32","blue","R4H"
"NS00047B","R5",72,"B","NS1","32","blue","R5H"
"NS00048B","R6",72,"B","NS1","32","blue","R6H"
"NS00049A","R7",0,"A","NS2","NA","red","R7I"
"NS00050A","R8",0,"A","NS2","NA","red","R8I"
"NS00051A","R9",0,"A","NS2","NA","red","R9I"
"NS00052A","R10",0,"A","NS2","NA","red","R10I"
"NS00053A","R11",0,"A","NS2","NA","red","R11I"
"NS00054A","R12",0,"A","NS2","NA","red","R12I"
"NS00055A","R7",24,"A","NS2","28","red","R7L"
"NS00056A","R8",24,"A","NS2","28","red","R8L"
"NS00057A","R9",24,"A","NS2","28","red","R9L"
"NS00058A","R10",24,"A","NS2","28","red","R10L"
"NS00059A","R11",24,"A","NS2","28","red","R11L"
"NS00060A","R12",24,"A","NS2","28","red","R12L"
"NS00061A","R7",24,"A","NS2","32","red","R7H"
"NS00062A","R8",24,"A","NS2","32","red","R8H"
"NS00063A","R9",24,"A","NS2","32","red","R9H"
"NS00064A","R10",24,"A","NS2","32","red","R10H"
"NS00065A","R11",24,"A","NS2","32","red","R11H"
"NS00066A","R12",24,"A","NS2","32","red","R12H"
"NS00067A","R7",48,"A","NS2","28","red","R7L"
"NS00068A","R8",48,"A","NS2","28","red","R8L"
"NS00069A","R9",48,"A","NS2","28","red","R9L"
"NS00070A","R10",48,"A","NS2","28","red","R10L"
"NS00073A","R7",48,"A","NS2","32","red","R7H"
"NS00074A","R8",48,"A","NS2","32","red","R8H"
"NS00075A","R9",48,"A","NS2","32","red","R9H"
"NS00076A","R10",48,"A","NS2","32","red","R10H"
"NS00077A","R11",48,"A","NS2","32","red","R11H"
"NS00080B","R8",72,"B","NS2","28","red","R8L"
"NS00081B","R9",72,"B","NS2","28","red","R9L"
"NS00082B","R10",72,"B","NS2","28","red","R10L"
"NS00085B","R7",72,"B","NS2","32","red","R7H"
"NS00086B","R8",72,"B","NS2","32","red","R8H"
"NS00088B","R10",72,"B","NS2","32","red","R10H"
"NS00091A","R1",0,"A","NS3","NA","blue","R1I"
"NS00092A","R2",0,"A","NS3","NA","blue","R2I"
"NS00093A","R3",0,"A","NS3","NA","blue","R3I"
"NS00094A","R4",0,"A","NS3","NA","blue","R4I"
"NS00095A","R5",0,"A","NS3","NA","blue","R5I"
"NS00096A","R6",0,"A","NS3","NA","blue","R6I"
"NS00097A","R1",24,"A","NS3","28","blue","R1L"
"NS00098A","R2",24,"A","NS3","28","blue","R2L"
"NS00099A","R3",24,"A","NS3","28","blue","R3L"
"NS00101A","R5",24,"A","NS3","28","blue","R5L"
"NS00102A","R6",24,"A","NS3","28","blue","R6L"
"NS00103A","R1",24,"A","NS3","32","blue","R1H"
"NS00104A","R2",24,"A","NS3","32","blue","R2H"
"NS00105A","R3",24,"A","NS3","32","blue","R3H"
"NS00106A","R4",24,"A","NS3","32","blue","R4H"
"NS00107A","R5",24,"A","NS3","32","blue","R5H"
"NS00108A","R6",24,"A","NS3","32","blue","R6H"
"NS00109A","R1",48,"A","NS3","28","blue","R1L"
"NS00110A","R2",48,"A","NS3","28","blue","R2L"
"NS00111A","R3",48,"A","NS3","28","blue","R3L"
"NS00112A","R4",48,"A","NS3","28","blue","R4L"
"NS00113A","R5",48,"A","NS3","28","blue","R5L"
"NS00114A","R6",48,"A","NS3","28","blue","R6L"
"NS00115A","R1",48,"A","NS3","32","blue","R1H"
"NS00116A","R2",48,"A","NS3","32","blue","R2H"
"NS00117A","R3",48,"A","NS3","32","blue","R3H"
"NS00119A","R5",48,"A","NS3","32","blue","R5H"
"NS00120A","R6",48,"A","NS3","32","blue","R6H"
"NS00121A","R1",72,"A","NS3","28","blue","R1L"
"NS00122A","R2",72,"A","NS3","28","blue","R2L"
"NS00123A","R3",72,"A","NS3","28","blue","R3L"
"NS00124A","R4",72,"A","NS3","28","blue","R4L"
"NS00125A","R5",72,"A","NS3","28","blue","R5L"
"NS00126A","R6",72,"A","NS3","28","blue","R6L"
"NS00127A","R1",72,"A","NS3","32","blue","R1H"
"NS00128A","R2",72,"A","NS3","32","blue","R2H"
"NS00129A","R3",72,"A","NS3","32","blue","R3H"
"NS00131A","R5",72,"A","NS3","32","blue","R5H"
"NS00132A","R6",72,"A","NS3","32","blue","R6H"
"NS00133A","R7",0,"A","NS4","NA","red","R7I"
"NS00134A","R8",0,"A","NS4","NA","red","R8I"
"NS00135A","R9",0,"A","NS4","NA","red","R9I"
"NS00136A","R10",0,"A","NS4","NA","red","R10I"
"NS00137A","R11",0,"A","NS4","NA","red","R11I"
"NS00138A","R12",0,"A","NS4","NA","red","R12I"
"NS00139A","R7",24,"A","NS4","28","red","R7L"
"NS00140A","R8",24,"A","NS4","28","red","R8L"
"NS00141A","R9",24,"A","NS4","28","red","R9L"
"NS00142A","R10",24,"A","NS4","28","red","R10L"
"NS00143A","R11",24,"A","NS4","28","red","R11L"
"NS00144A","R12",24,"A","NS4","28","red","R12L"
"NS00145A","R7",24,"A","NS4","32","red","R7H"
"NS00146A","R8",24,"A","NS4","32","red","R8H"
"NS00147A","R9",24,"A","NS4","32","red","R9H"
"NS00148A","R10",24,"A","NS4","32","red","R10H"
"NS00149A","R11",24,"A","NS4","32","red","R11H"
"NS00150A","R12",24,"A","NS4","32","red","R12H"
"NS00151A","R7",48,"A","NS4","28","red","R7L"
"NS00152A","R8",48,"A","NS4","28","red","R8L"
"NS00153A","R9",48,"A","NS4","28","red","R9L"
"NS00154A","R10",48,"A","NS4","28","red","R10L"
"NS00155A","R11",48,"A","NS4","28","red","R11L"
"NS00156A","R12",48,"A","NS4","28","red","R12L"
"NS00157A","R7",48,"A","NS4","32","red","R7H"
"NS00158A","R8",48,"A","NS4","32","red","R8H"
"NS00159A","R9",48,"A","NS4","32","red","R9H"
"NS00160A","R10",48,"A","NS4","32","red","R10H"
"NS00162A","R12",48,"A","NS4","32","red","R12H"
"NS00163A","R7",72,"A","NS4","28","red","R7L"
"NS00164A","R8",72,"A","NS4","28","red","R8L"
"NS00165B","R9",72,"B","NS4","28","red","R9L"
"NS00166A","R10",72,"A","NS4","28","red","R10L"
"NS00167A","R11",72,"A","NS4","28","red","R11L"
"NS00168A","R12",72,"A","NS4","28","red","R12L"
"NS00169B","R7",72,"B","NS4","32","red","R7H"
"NS00170A","R8",72,"A","NS4","32","red","R8H"
"NS00171B","R9",72,"B","NS4","32","red","R9H"
"NS00172A","R10",72,"A","NS4","32","red","R10H"
"NS00174A","R12",72,"A","NS4","32","red","R12H"
